trade_id,entry_date,exit_date,asset,direction,quantity,entry_price,exit_price,pnl,hold_days
1,2024-04-25,2024-05-09,GLD,-1,4224,82.9326,85.428,-10540.49,10
2,2023-04-19,2023-05-15,GLD,-1,2132,99.6734,100.8467,-2501.57,18
3,2024-05-01,2024-05-27,TLT,1,4672,103.0135,106.0584,14225.89,18
4,2024-03-13,2024-04-05,QQQ,-1,4513,90.8305,93.3549,-11392.81,17
5,2024-01-02,2024-02-07,HYG,1,344,123.1529,133.4496,3542.09,26
6,2020-06-18,2020-06-30,HYG,1,4943,104.4819,102.7071,-8772.99,8
7,2021-10-14,2021-11-04,TLT,1,4892,111.5048,106.1562,-26165.72,15
8,2024-09-30,2024-10-10,GLD,-1,371,73.6626,74.0888,-158.12,8
9,2021-04-07,2021-04-30,SPY,1,3611,132.7028,141.5208,31841.9,17
10,2020-05-01,2020-05-19,GLD,1,1871,107.5314,108.0868,1039.28,12
11,2024-04-22,2024-05-29,TLT,-1,1362,103.9538,106.898,-4010.02,27
12,2023-05-04,2023-05-16,HYG,-1,2524,121.9511,123.4703,-3834.51,8
13,2020-07-01,2020-08-05,GLD,-1,4461,105.536,104.4304,4932.18,25
14,2022-12-13,2023-01-02,HYG,-1,1020,144.665,141.3988,3331.47,14
15,2021-04-26,2021-04-30,SPY,1,3530,141.9723,141.5208,-1593.91,4
16,2023-02-01,2023-02-02,HYG,1,4535,139.0097,139.4405,1953.86,1
17,2021-06-23,2021-06-24,HYG,1,4584,134.736,135.5978,3950.44,1
18,2024-08-28,2024-09-24,QQQ,1,2724,74.5437,77.8577,9027.5,19
19,2023-08-30,2023-09-21,QQQ,-1,3860,90.0563,87.7003,9094.14,16
20,2021-01-21,2021-02-10,QQQ,1,2150,105.8398,109.9356,8806.04,14
21,2024-07-16,2024-08-14,HYG,1,3600,110.8158,113.1085,8253.79,21
22,2021-10-05,2021-10-27,TLT,-1,1265,114.8951,106.8062,10232.43,16
23,2020-01-30,2020-02-06,HYG,1,475,94.205,94.136,-32.81,5
24,2020-12-18,2020-12-31,TLT,1,2133,102.7423,103.3683,1335.4,9
25,2022-11-11,2022-12-19,TLT,1,245,99.6339,102.9917,822.66,26
26,2023-04-13,2023-05-23,QQQ,1,4488,108.3342,101.9759,-28536.21,28
27,2021-10-26,2021-10-28,GLD,1,531,112.8018,112.2752,-279.6,2
28,2024-02-23,2024-03-20,SPY,1,804,117.5121,124.6143,5710.17,18
29,2021-12-15,2021-12-23,QQQ,-1,2732,155.6501,149.8554,15831.01,6
30,2022-09-06,2022-09-19,QQQ,-1,4594,117.1679,123.1604,-27529.36,9
31,2023-09-27,2023-09-28,GLD,1,1063,96.2825,96.4283,155.03,1
32,2020-09-22,2020-10-05,SPY,1,2334,123.6311,125.0888,3402.3,9
33,2023-09-01,2023-10-06,HYG,-1,2141,115.4077,113.4739,4140.27,25
34,2022-08-18,2022-09-09,HYG,1,1928,157.054,154.7995,-4346.53,16
35,2023-09-01,2023-09-20,QQQ,1,2208,90.5309,84.7376,-12791.55,13
36,2022-02-25,2022-03-10,SPY,1,4168,147.0417,141.5304,-22971.06,9
37,2024-11-08,2024-12-09,QQQ,-1,1038,80.8807,82.8137,-2006.46,21
38,2023-03-09,2023-03-28,TLT,1,4905,105.2325,102.2995,-14386.25,13
39,2024-06-04,2024-06-17,QQQ,-1,906,80.9158,78.5826,2113.88,9
40,2022-06-23,2022-07-08,QQQ,1,1563,110.3712,119.8032,14742.35,11
41,2020-01-29,2020-02-04,HYG,-1,3515,93.9898,94.2037,-751.91,4
42,2023-03-22,2023-03-24,HYG,-1,110,133.3924,132.1866,132.63,2
43,2020-08-20,2020-09-30,HYG,1,1968,106.1544,115.958,19293.45,29
44,2021-06-25,2021-07-05,TLT,-1,4967,117.0575,119.2349,-10815.29,6
45,2022-04-20,2022-05-10,HYG,1,984,156.759,151.0647,-5603.23,14
46,2021-03-17,2021-03-23,SPY,-1,3664,128.3352,126.4937,6747.27,4
47,2020-01-20,2020-01-28,GLD,1,1489,95.7669,95.8834,173.61,6
48,2020-12-03,2020-12-30,SPY,1,3501,138.9611,132.4287,-22869.65,19
49,2022-12-22,2022-12-30,SPY,-1,4421,134.2027,134.0614,625.01,6
50,2022-03-01,2022-03-03,HYG,1,924,155.4041,153.8883,-1400.68,2
51,2023-06-09,2023-07-05,GLD,1,2365,100.3959,98.3064,-4941.78,18
52,2020-05-07,2020-05-26,GLD,-1,1036,105.5914,107.0843,-1546.67,13
53,2023-08-30,2023-09-12,GLD,1,2900,100.3936,95.4357,-14377.68,9
54,2021-12-13,2022-01-13,TLT,1,2653,105.0261,106.2267,3185.1,23
55,2022-12-21,2023-01-17,HYG,-1,3945,141.1973,143.0024,-7120.92,19
56,2020-02-18,2020-03-06,GLD,-1,1896,96.7044,95.4071,2459.64,13
57,2020-10-14,2020-10-29,TLT,1,153,104.5622,104.7165,23.61,11
58,2024-03-26,2024-03-27,QQQ,1,826,92.0264,91.8662,-132.27,1
59,2023-12-06,2024-01-09,QQQ,-1,2836,84.8527,90.9126,-17185.91,24
60,2023-11-30,2024-01-01,TLT,-1,3270,110.3906,110.4192,-93.34,22
61,2022-03-02,2022-03-11,TLT,1,2013,106.8873,110.0249,6316.02,7
62,2024-04-30,2024-06-04,HYG,-1,1696,128.6278,119.9772,14671.47,25
63,2022-09-09,2022-10-10,HYG,1,2014,154.7995,157.0344,4500.9,21
64,2021-07-15,2021-08-05,QQQ,1,2566,109.7723,113.5365,9658.9,15
65,2022-10-18,2022-10-19,GLD,1,2837,117.8124,117.2207,-1678.47,1
66,2020-08-13,2020-08-31,QQQ,1,949,108.8311,105.9278,-2755.25,12
67,2020-10-08,2020-11-13,GLD,1,2209,112.6509,119.561,15264.53,26
68,2023-10-25,2023-11-03,GLD,-1,102,99.3586,99.5671,-21.26,7
69,2021-01-12,2021-02-02,HYG,-1,4355,128.2395,126.2821,8524.74,15
70,2023-02-15,2023-03-16,SPY,-1,4169,139.7761,128.6532,46371.47,21
71,2021-09-29,2021-10-26,SPY,-1,4976,138.2399,155.8047,-87402.74,19
72,2023-11-23,2024-01-02,TLT,1,992,112.0914,109.6448,-2426.98,28
73,2021-02-17,2021-03-30,HYG,1,2130,125.5867,129.5601,8463.37,29
74,2022-10-04,2022-11-08,GLD,1,3260,117.6615,118.7954,3696.61,25
75,2021-04-16,2021-04-19,SPY,1,2476,135.939,136.896,2369.67,1
76,2023-05-15,2023-06-07,GLD,-1,4775,100.8467,99.9905,4088.66,17
77,2024-02-15,2024-03-11,SPY,1,2033,119.7874,117.6333,-4379.37,17
78,2023-01-12,2023-01-17,SPY,1,1480,140.0626,138.7732,-1908.24,3
79,2020-10-29,2020-11-16,SPY,-1,3781,133.2303,135.3585,-8046.48,12
80,2022-12-05,2022-12-13,HYG,-1,1390,145.9077,144.665,1727.48,6
81,2020-09-18,2020-10-26,QQQ,-1,1740,113.1523,117.3726,-7343.37,26
82,2021-06-15,2021-06-30,GLD,-1,2782,118.9717,119.5343,-1565.03,11
83,2021-11-19,2021-11-24,HYG,1,1087,157.0598,160.4986,3737.97,3
84,2024-01-30,2024-02-09,HYG,1,1318,134.2948,134.0317,-346.76,8
85,2024-07-10,2024-07-30,HYG,-1,1455,112.2846,114.2572,-2870.2,14
86,2020-01-21,2020-02-10,HYG,1,4365,97.5204,95.1285,-10440.82,14
87,2020-03-31,2020-04-14,HYG,1,4716,103.6868,105.0086,6233.79,10
88,2021-12-29,2021-12-31,TLT,1,4235,107.2295,105.3583,-7924.8,2
89,2024-05-31,2024-06-20,GLD,-1,1660,79.9035,82.8671,-4919.65,14
90,2022-06-24,2022-07-07,HYG,1,1518,146.8318,151.1004,6479.71,9
91,2024-02-29,2024-03-05,GLD,-1,1054,85.8761,86.3966,-548.55,3
92,2024-06-14,2024-07-15,TLT,1,1083,108.025,104.3624,-3966.63,21
93,2022-04-08,2022-05-16,TLT,1,1074,103.7231,100.297,-3679.65,26
94,2021-07-01,2021-07-13,GLD,1,4233,121.7454,123.3117,6630.26,8
95,2021-08-09,2021-08-31,SPY,-1,4072,125.5461,130.6787,-20899.97,16
96,2021-02-08,2021-02-10,QQQ,1,1013,109.7296,109.9356,208.67,2
97,2021-06-14,2021-06-22,SPY,-1,4649,126.6191,126.5232,445.86,6
98,2020-11-18,2020-12-28,SPY,-1,136,133.7731,133.6576,15.71,28
99,2023-11-24,2023-12-25,SPY,-1,3487,111.8118,112.0731,-910.98,21
100,2020-02-26,2020-04-07,HYG,1,1811,95.6716,105.0196,16929.3,29
101,2024-01-11,2024-02-16,TLT,1,3120,108.198,99.5235,-27064.54,26
102,2020-07-07,2020-08-11,SPY,1,895,118.625,121.1954,2300.49,25
103,2020-10-07,2020-10-23,TLT,1,4136,104.0093,103.9177,-378.9,12
104,2022-12-27,2023-01-03,GLD,-1,4788,107.5777,106.3103,6068.33,5
105,2023-07-25,2023-07-27,QQQ,-1,3211,90.8665,93.2534,-7664.16,2
106,2024-01-18,2024-02-09,GLD,-1,1424,91.836,88.9233,4147.61,16
107,2024-02-08,2024-02-15,GLD,1,417,89.5429,88.7091,-347.68,5
108,2021-12-03,2021-12-24,HYG,-1,2496,156.1836,158.8033,-6538.79,15
109,2021-07-22,2021-08-09,QQQ,1,2262,108.7174,112.0875,7623.04,12
110,2023-01-31,2023-02-06,GLD,-1,2845,110.4335,108.9466,4230.37,4
111,2020-05-18,2020-06-08,GLD,1,1691,108.7273,107.6493,-1822.9,15
112,2022-08-15,2022-08-30,QQQ,1,3211,112.2868,117.6669,17275.48,11
113,2022-10-12,2022-11-03,QQQ,-1,4030,120.8802,122.0056,-4535.33,16
114,2023-09-06,2023-10-09,GLD,-1,2096,94.6824,97.6316,-6181.62,23
115,2022-05-06,2022-05-16,QQQ,-1,1412,117.9881,122.1031,-5810.44,6
116,2022-06-17,2022-07-07,GLD,-1,1385,104.759,111.3389,-9113.15,14
117,2023-12-11,2024-01-04,GLD,1,4411,96.2131,93.5003,-11966.25,18
118,2024-10-03,2024-10-21,HYG,-1,2483,116.9511,116.8713,198.14,12
119,2021-12-03,2022-01-11,SPY,-1,3339,168.1706,160.7947,24628.04,27
120,2022-12-08,2022-12-23,GLD,-1,2239,115.3256,108.7746,14667.64,11
121,2021-07-09,2021-07-28,TLT,1,1804,120.2591,116.4764,-6823.91,13
122,2023-05-03,2023-06-01,SPY,1,462,122.0369,120.4426,-736.55,21
123,2023-01-17,2023-02-17,SPY,-1,2704,138.7732,140.4599,-4560.69,23
124,2021-07-02,2021-07-19,SPY,1,1816,120.2659,119.408,-1557.99,11
125,2020-10-15,2020-11-17,HYG,-1,4551,119.6563,128.7854,-41546.55,23
126,2023-12-25,2024-01-16,GLD,1,4386,95.0905,91.9577,-13740.34,16
127,2023-06-01,2023-06-22,HYG,1,3838,121.599,120.5243,-4124.78,15
128,2023-04-24,2023-05-23,GLD,1,2569,100.6879,100.0255,-1701.54,21
129,2022-11-04,2022-12-14,HYG,1,4895,157.8632,143.5272,-70174.83,28
130,2024-11-05,2024-11-26,HYG,-1,656,115.8396,120.5918,-3117.44,15
131,2022-02-28,2022-04-04,TLT,-1,925,107.0927,106.1336,887.12,25
132,2023-11-29,2023-12-05,HYG,-1,2908,116.975,117.0615,-251.61,4
133,2020-05-13,2020-05-28,QQQ,1,4621,120.2497,115.0862,-23860.48,11
134,2021-11-09,2021-12-06,TLT,-1,2819,104.985,103.4852,4227.92,19
135,2020-11-18,2020-12-09,HYG,-1,3608,129.1251,132.6928,-12871.95,15
136,2022-11-14,2022-11-18,SPY,-1,3841,145.1136,140.925,16088.67,4
137,2024-07-30,2024-08-28,QQQ,1,1674,72.704,74.5437,3079.65,21
138,2022-01-26,2022-02-14,QQQ,1,4098,136.2481,141.5914,21897.04,13
139,2024-01-23,2024-02-22,QQQ,1,2229,92.9239,89.3013,-8074.96,22
140,2022-01-04,2022-01-31,TLT,-1,2503,105.2256,108.4454,-8059.19,19
141,2024-07-15,2024-07-17,HYG,-1,3429,111.0025,110.3786,2139.3,2
142,2024-11-07,2024-11-27,HYG,-1,688,115.7215,121.2842,-3827.11,14
143,2024-04-02,2024-05-13,SPY,1,2112,127.3463,110.6633,-35234.4,29
144,2022-03-18,2022-03-24,SPY,1,1647,132.7557,140.4235,12628.94,4
145,2022-08-11,2022-09-02,QQQ,-1,394,113.2169,114.4377,-481.0,16
146,2022-02-17,2022-03-18,SPY,1,2085,153.0676,132.7557,-42350.43,21
147,2023-11-17,2023-12-15,TLT,1,3217,109.0152,113.3902,14074.33,20
148,2022-06-22,2022-07-12,HYG,1,1790,146.765,152.7024,10627.85,14
149,2023-01-18,2023-02-24,QQQ,1,1236,118.8267,113.2819,-6853.35,27
150,2024-01-11,2024-02-21,SPY,-1,2164,116.1259,118.2504,-4597.38,29
151,2024-10-22,2024-11-12,TLT,1,4555,105.1624,105.4564,1339.15,15
152,2020-09-22,2020-10-30,TLT,1,4895,104.5703,104.7958,1103.94,28
153,2024-10-14,2024-10-17,SPY,1,4643,103.084,100.2653,-13087.06,3
154,2022-06-03,2022-06-15,HYG,1,4870,150.5253,145.9035,-22507.86,8
155,2022-05-27,2022-06-20,SPY,-1,1107,137.0388,135.1432,2098.43,16
156,2023-09-22,2023-10-06,QQQ,-1,2614,86.7654,85.601,3043.59,10
157,2022-09-20,2022-09-26,SPY,1,3626,147.6385,147.1409,-1804.27,4
158,2022-06-27,2022-07-21,TLT,1,4781,98.1676,94.3981,-18021.79,18
159,2021-03-19,2021-03-23,SPY,1,1347,129.7141,126.4937,-4337.82,2
160,2024-10-14,2024-11-06,HYG,1,4002,117.8988,114.6621,-12953.17,17
161,2024-10-25,2024-11-13,GLD,1,1535,74.518,77.2745,4231.21,13
162,2022-08-15,2022-08-19,SPY,1,671,136.4727,139.4479,1996.35,4
163,2022-07-18,2022-08-23,HYG,-1,2482,155.4836,157.8991,-5995.43,26
164,2024-10-24,2024-11-28,HYG,1,1345,116.0153,122.474,8687.0,25
165,2024-05-09,2024-05-24,TLT,-1,2184,103.5183,106.2221,-5905.11,11
166,2021-09-09,2021-09-20,HYG,-1,377,138.2094,138.8266,-232.68,7
167,2022-02-28,2022-03-16,HYG,1,1987,156.0749,150.0987,-11874.66,12
168,2024-05-09,2024-05-23,HYG,-1,4679,125.6777,121.846,17928.58,10
169,2023-08-24,2023-09-04,HYG,-1,1365,117.6567,115.1219,3460.02,7
170,2024-03-26,2024-04-12,QQQ,-1,4926,92.0264,93.2785,-6168.19,13
171,2022-09-05,2022-09-14,QQQ,-1,1140,113.8217,115.3895,-1787.3,7
172,2020-06-05,2020-07-09,TLT,-1,1017,99.2612,101.4678,-2244.15,24
173,2020-01-02,2020-01-27,SPY,-1,985,100.3134,101.9884,-1649.83,17
174,2022-06-16,2022-06-30,HYG,1,2852,145.3804,148.916,10083.45,10
175,2020-11-03,2020-12-14,SPY,-1,121,133.6732,137.8699,-507.8,29
176,2023-04-11,2023-04-25,SPY,-1,4669,121.9152,122.0923,-827.24,10
177,2024-10-14,2024-11-15,TLT,-1,3291,102.9101,102.2458,2186.03,24
178,2021-06-22,2021-06-28,HYG,1,2453,134.1225,134.8301,1735.63,4
179,2024-06-03,2024-07-01,HYG,-1,4899,118.3588,113.5216,23697.7,20
180,2024-02-15,2024-02-21,GLD,1,786,88.7091,86.5378,-1706.64,4
181,2022-10-18,2022-11-17,SPY,-1,384,145.4363,140.3824,1940.71,22
182,2020-12-10,2020-12-21,SPY,1,4911,135.8283,133.0097,-13842.18,7
183,2023-03-15,2023-04-14,QQQ,1,3847,107.149,108.3458,4604.03,22
184,2020-10-09,2020-10-12,GLD,-1,862,112.7877,112.4456,294.81,1
185,2024-08-16,2024-09-03,QQQ,-1,2528,72.0121,76.7182,-11896.9,12
186,2020-06-19,2020-07-23,QQQ,1,2607,114.0887,109.9882,-10690.07,24
187,2021-07-14,2021-08-02,QQQ,-1,128,109.4708,111.1057,-209.27,13
188,2022-12-08,2022-12-22,TLT,1,1006,99.5539,101.315,1771.69,10
189,2021-02-15,2021-03-08,TLT,1,3204,114.3041,115.6252,4232.52,15
190,2021-01-26,2021-03-04,QQQ,1,4099,106.7022,120.8321,57918.56,27
191,2023-05-22,2023-06-08,GLD,1,3094,98.8142,100.0598,3853.78,13
192,2020-10-02,2020-11-04,SPY,1,2606,124.7768,135.2741,27355.97,23
193,2023-10-05,2023-11-06,GLD,-1,4765,96.5975,100.278,-17537.7,22
194,2022-11-17,2022-12-19,HYG,1,3709,149.9084,141.9741,-29428.3,22
195,2020-07-20,2020-08-18,TLT,1,3653,99.781,105.4749,20800.0,21
196,2022-05-02,2022-06-01,SPY,-1,1553,141.8811,140.6186,1960.52,22
197,2024-09-10,2024-10-18,SPY,1,4933,100.9782,101.9695,4890.29,28
198,2024-05-24,2024-06-06,HYG,-1,3456,121.3865,118.2218,10937.31,9
199,2020-09-17,2020-10-23,HYG,-1,615,116.9491,123.1429,-3809.19,26
200,2021-10-11,2021-10-22,QQQ,-1,138,134.5996,139.8747,-727.96,9
201,2022-07-12,2022-08-02,TLT,1,3442,94.5583,92.9113,-5668.84,15
202,2022-12-05,2022-12-19,TLT,1,986,98.9078,102.9917,4026.74,10
203,2023-08-29,2023-10-02,GLD,1,2944,100.8387,96.7544,-12024.03,24
204,2021-07-16,2021-08-23,QQQ,-1,2304,107.04,116.6008,-22027.98,26
205,2020-07-23,2020-08-27,QQQ,1,1198,109.9882,106.9015,-3697.86,25
206,2024-06-27,2024-08-07,QQQ,-1,1923,73.372,71.5648,3475.2,29
207,2023-04-24,2023-05-08,QQQ,1,3301,101.9064,103.4066,4952.13,10
208,2021-11-15,2021-11-25,TLT,-1,3255,103.8575,105.0542,-3895.21,8
209,2023-07-24,2023-08-25,TLT,1,3193,105.8676,109.0599,10192.82,24
210,2022-02-09,2022-03-03,QQQ,1,3630,141.5529,134.4407,-25817.41,16
211,2021-04-16,2021-05-11,GLD,1,3878,119.4927,122.811,12868.22,17
212,2023-05-04,2023-06-09,SPY,-1,2996,123.0852,117.6391,16316.59,26
213,2022-06-15,2022-07-22,SPY,-1,3553,131.5298,141.5331,-35541.54,27
214,2021-10-22,2021-10-29,GLD,1,3611,113.5484,112.6973,-3073.04,5
215,2020-07-29,2020-08-04,QQQ,1,1088,104.4564,107.1981,2983.06,4
216,2021-01-01,2021-01-27,TLT,-1,4216,104.3219,110.4125,-25678.06,18
217,2020-07-20,2020-08-21,SPY,-1,4126,120.579,119.3734,4974.22,24
218,2021-04-28,2021-05-25,HYG,-1,4279,140.4498,133.5664,29453.8,19
219,2022-05-23,2022-05-27,HYG,1,1782,151.3293,151.5899,464.44,4
220,2023-11-23,2024-01-02,GLD,-1,4765,99.3155,93.3509,28421.22,28
221,2023-05-17,2023-05-26,QQQ,1,4063,99.7477,98.6381,-4508.07,7
222,2020-01-02,2020-01-16,SPY,-1,1033,100.3134,100.2688,46.12,10
223,2023-06-08,2023-07-13,QQQ,1,3698,96.0362,93.2618,-10259.93,25
224,2020-12-21,2021-01-14,SPY,-1,3333,133.0097,120.0722,43120.75,18
225,2021-09-24,2021-10-21,GLD,-1,2080,113.9452,113.0561,1849.29,19
226,2024-01-24,2024-01-30,GLD,-1,1955,92.1831,91.7727,802.39,4
227,2024-07-15,2024-07-29,HYG,-1,3156,111.0025,113.3648,-7455.6,10
228,2023-11-21,2023-11-22,QQQ,-1,892,85.1021,85.2319,-115.74,1
229,2020-01-13,2020-02-13,HYG,1,891,97.4655,96.2157,-1113.57,23
230,2024-10-24,2024-11-19,QQQ,-1,1909,78.731,85.7958,-13486.58,18
231,2024-04-19,2024-04-26,HYG,-1,2355,129.5744,128.0316,3633.42,5
232,2023-02-15,2023-03-08,TLT,-1,3710,98.183,105.4398,-26922.62,15
233,2020-10-16,2020-11-10,TLT,1,1707,103.2483,105.3161,3529.63,17
234,2024-06-04,2024-06-07,TLT,-1,1084,106.3481,108.3403,-2159.53,3
235,2021-07-19,2021-08-04,TLT,1,3776,117.3444,118.1146,2908.56,12
236,2020-07-30,2020-08-03,SPY,-1,3480,120.3806,118.5403,6404.3,2
237,2020-03-16,2020-03-17,TLT,-1,619,98.4061,98.9448,-333.47,1
238,2024-05-20,2024-06-20,GLD,1,690,83.388,82.8671,-359.39,23
239,2022-05-27,2022-06-27,GLD,-1,1150,101.9703,107.2771,-6102.84,21
240,2022-03-31,2022-04-25,SPY,1,3733,143.2933,143.0269,-994.65,17
241,2020-05-25,2020-06-24,TLT,1,4544,98.0331,100.1875,9789.45,22
242,2020-12-21,2021-01-12,TLT,-1,1059,102.615,105.426,-2976.84,16
243,2024-10-16,2024-10-23,TLT,1,792,105.0499,105.0724,17.82,5
244,2024-05-08,2024-05-29,HYG,-1,3999,126.7048,119.6521,28203.8,15
245,2021-12-14,2021-12-17,QQQ,-1,4573,160.5869,152.5263,36861.22,3
246,2020-05-18,2020-06-25,HYG,1,3046,106.2493,104.8498,-4262.95,28
247,2020-07-31,2020-08-11,QQQ,1,626,107.5504,108.132,364.14,7
248,2023-07-03,2023-07-18,TLT,1,3324,102.6073,106.2977,12266.89,11
249,2023-05-12,2023-05-26,TLT,1,2353,103.3331,100.5218,-6614.86,10
250,2021-04-16,2021-04-29,HYG,-1,3444,136.1172,140.8316,-16236.22,9
251,2023-02-23,2023-03-15,HYG,-1,4065,138.0124,133.7937,17148.89,14
252,2024-07-18,2024-08-06,QQQ,1,1975,69.9256,72.8626,5800.6,13
253,2023-08-31,2023-10-11,GLD,-1,1863,99.2363,98.0314,2244.74,29
254,2020-08-12,2020-09-16,QQQ,-1,620,109.1327,114.1727,-3124.8,25
255,2023-01-25,2023-03-01,HYG,-1,1116,136.1213,138.3948,-2537.16,25
256,2021-07-09,2021-07-13,HYG,-1,216,135.2053,136.6456,-311.1,2
257,2023-02-15,2023-02-20,SPY,1,2533,139.7761,138.6081,-2958.57,3
258,2024-06-10,2024-06-19,HYG,1,683,116.7705,116.5143,-174.96,7
259,2024-09-02,2024-10-01,SPY,-1,494,99.6736,100.3579,-338.04,21
260,2021-07-14,2021-08-09,GLD,1,3888,122.711,120.131,-10030.85,18
261,2022-06-14,2022-06-17,QQQ,1,2868,113.6644,113.7106,132.31,3
262,2024-01-18,2024-02-01,QQQ,1,4267,91.1336,91.5621,1828.33,10
263,2022-08-19,2022-09-20,SPY,-1,3960,139.4479,147.6385,-32434.52,22
264,2021-10-05,2021-11-15,QQQ,-1,373,125.978,143.884,-6678.93,29
265,2023-08-29,2023-09-07,HYG,-1,2113,115.0408,113.7298,2770.06,7
266,2021-10-19,2021-11-01,TLT,1,4533,110.4792,106.4871,-18096.35,9
267,2024-01-03,2024-01-26,SPY,-1,1489,113.9137,122.1807,-12309.6,17
268,2022-11-15,2022-11-30,QQQ,-1,3666,122.4128,115.0826,26872.33,11
269,2020-02-21,2020-03-03,SPY,1,4802,102.002,105.6879,17699.7,7
270,2020-11-17,2020-12-21,SPY,-1,265,135.3838,133.0097,629.13,24
271,2022-02-25,2022-04-06,TLT,-1,1667,106.9833,104.5034,4133.94,28
272,2021-09-03,2021-09-23,HYG,1,828,139.166,139.7343,470.59,14
273,2020-02-06,2020-03-04,SPY,1,2143,98.6694,107.069,18000.32,19
274,2020-11-11,2020-11-17,QQQ,1,4297,117.4496,120.1916,11782.18,4
275,2023-01-20,2023-02-27,GLD,-1,3596,108.952,107.4607,5362.66,26
276,2021-02-01,2021-02-09,SPY,-1,878,122.2341,120.9819,1099.41,6
277,2023-05-15,2023-05-29,SPY,-1,313,125.3608,121.8572,1096.61,10
278,2023-09-05,2023-09-14,TLT,1,3862,107.2587,106.6688,-2278.11,7
279,2021-09-24,2021-10-13,HYG,1,1676,140.3801,148.138,13002.36,13
280,2023-11-28,2023-12-18,GLD,-1,2548,99.5695,96.959,6651.66,14
281,2023-02-15,2023-02-21,QQQ,-1,3036,115.828,114.6406,3604.97,4
282,2022-07-11,2022-07-21,GLD,1,3217,111.9,111.614,-920.28,8
283,2022-02-03,2022-02-10,QQQ,1,691,139.3805,140.4563,743.33,5
284,2024-08-28,2024-08-29,HYG,1,2820,115.0761,116.0451,2732.63,1
285,2024-02-09,2024-02-15,QQQ,1,813,92.651,90.6392,-1635.61,4
286,2020-01-23,2020-01-28,TLT,-1,1035,100.2604,100.9115,-673.86,3
287,2024-07-31,2024-08-13,TLT,1,4437,106.657,107.6233,4287.31,9
288,2024-10-07,2024-10-17,TLT,-1,101,102.7834,104.9891,-222.78,8
289,2020-08-07,2020-08-10,TLT,-1,2948,102.0442,102.0914,-139.13,1
290,2021-10-28,2021-12-06,GLD,-1,4144,112.2752,108.5489,15442.03,27
291,2024-02-06,2024-02-14,HYG,1,2049,133.2764,134.0156,1514.55,6
292,2021-12-24,2022-01-06,QQQ,1,1017,147.563,142.4676,-5182.08,9
293,2020-05-18,2020-05-27,QQQ,1,3274,117.7464,115.1889,-8373.11,7
294,2024-01-24,2024-01-30,TLT,1,2341,106.9062,106.0117,-2093.93,4
295,2021-01-26,2021-02-12,TLT,-1,189,109.2111,114.1198,-927.74,13
296,2021-11-25,2021-12-20,SPY,1,1809,164.4384,164.9366,901.34,17
297,2021-02-25,2021-04-06,HYG,1,2269,131.9307,131.3555,-1305.15,28
298,2020-09-09,2020-09-11,GLD,-1,4338,112.6803,114.9052,-9651.57,2
299,2022-04-28,2022-06-07,QQQ,1,3141,122.9771,115.2573,-24247.91,28
300,2024-04-19,2024-04-26,SPY,-1,205,119.5477,115.2488,881.27,5
301,2022-09-06,2022-09-22,SPY,-1,986,139.8778,146.6401,-6667.61,12
302,2023-10-20,2023-11-28,QQQ,-1,527,88.0463,84.3843,1929.87,27
303,2024-05-14,2024-06-12,GLD,-1,1995,83.6627,81.5293,4256.01,21
304,2020-09-23,2020-10-05,SPY,-1,416,123.2732,125.0888,-755.29,8
305,2020-12-18,2020-12-28,SPY,-1,734,135.3051,133.6576,1209.24,6
306,2023-10-04,2023-10-16,HYG,-1,2025,114.3708,116.6964,-4709.35,8
307,2023-07-21,2023-08-16,GLD,-1,2156,98.6771,101.3407,-5742.81,18
308,2024-07-16,2024-07-19,SPY,1,3244,99.2729,97.6226,-5353.62,3
309,2020-06-26,2020-07-28,GLD,1,2370,107.8597,103.0327,-11439.95,22
310,2020-01-24,2020-02-11,QQQ,1,1539,102.9927,102.9055,-134.17,12
311,2022-03-02,2022-04-12,TLT,1,652,106.8873,103.2,-2404.15,29
312,2022-03-08,2022-04-13,SPY,-1,815,143.9294,145.5545,-1324.43,26
313,2022-08-17,2022-08-22,HYG,1,4011,154.7712,159.3327,18296.0,3
314,2022-05-25,2022-06-24,QQQ,-1,1813,120.8907,111.2506,17477.55,22
315,2023-04-10,2023-04-18,GLD,1,3489,99.4765,99.3497,-442.34,6
316,2023-09-07,2023-09-11,QQQ,1,1207,87.1501,87.437,346.31,2
317,2020-08-04,2020-09-04,SPY,1,4306,119.547,126.712,30852.36,23
318,2021-11-16,2021-12-02,GLD,-1,350,111.6271,109.366,791.39,12
319,2023-01-03,2023-01-05,TLT,1,2530,101.6018,102.5034,2281.11,2
320,2024-04-26,2024-05-06,QQQ,-1,2154,88.695,84.6793,8649.89,6
321,2020-12-09,2021-01-01,SPY,-1,558,136.7431,130.9616,3226.08,17
322,2024-08-06,2024-08-09,HYG,1,307,113.8703,113.6963,-53.41,3
323,2024-01-26,2024-01-30,GLD,1,999,91.4121,91.7727,360.26,2
324,2022-11-28,2022-12-29,QQQ,1,3561,118.8409,112.2743,-23383.79,23
325,2022-01-21,2022-02-18,QQQ,-1,3485,134.6909,138.0896,-11844.56,20
326,2023-07-12,2023-07-24,TLT,1,121,107.1548,105.8676,-155.74,8
327,2021-07-23,2021-08-24,TLT,-1,509,117.9018,115.8152,1062.08,22
328,2022-01-04,2022-01-20,HYG,-1,994,160.636,154.9896,5612.54,12
329,2023-03-03,2023-04-10,HYG,1,614,137.4273,125.2866,-7454.39,26
330,2023-06-16,2023-06-22,SPY,1,4209,118.0264,117.8811,-611.44,4
331,2020-02-19,2020-02-26,SPY,-1,2234,100.3818,102.3622,-4424.15,5
332,2022-08-16,2022-09-02,HYG,-1,3695,153.0503,152.9268,456.47,13
333,2020-01-28,2020-03-09,HYG,-1,3056,94.9756,100.3108,-16304.48,29
334,2021-03-24,2021-04-14,GLD,1,1660,114.3131,118.9435,7686.38,15
335,2021-12-16,2022-01-20,TLT,-1,1366,105.6979,106.805,-1512.27,25
336,2021-07-13,2021-08-13,SPY,1,2269,122.7234,127.6433,11163.36,23
337,2022-07-04,2022-07-26,TLT,-1,3738,95.8543,94.2336,6058.33,16
338,2023-09-21,2023-10-05,TLT,-1,849,107.4493,104.0259,2906.47,10
339,2021-10-20,2021-11-24,HYG,1,3527,150.775,160.4986,34295.23,25
340,2024-06-20,2024-07-23,GLD,-1,4880,82.8671,73.3643,46373.99,23
341,2024-04-10,2024-05-02,QQQ,1,2027,91.7336,86.4404,-10729.32,16
342,2023-03-13,2023-03-29,GLD,1,3904,107.1535,99.2601,-30815.85,12
343,2022-10-13,2022-11-07,GLD,-1,3802,117.5172,120.9292,-12972.54,17
344,2023-04-10,2023-05-02,TLT,1,2456,104.1849,104.46,675.54,16
345,2020-03-11,2020-03-27,GLD,1,4890,98.2958,99.2355,4595.06,12
346,2022-03-15,2022-03-25,SPY,-1,2435,138.7574,139.5214,-1860.29,8
347,2024-08-26,2024-09-23,TLT,1,406,108.8774,104.8318,-1642.49,20
348,2024-05-27,2024-05-30,SPY,1,3765,105.8535,104.9325,-3467.27,3
349,2020-07-28,2020-08-19,QQQ,1,2089,106.5129,109.4236,6080.58,16
350,2021-03-15,2021-04-01,TLT,-1,761,113.0451,115.1894,-1631.8,13
351,2022-03-08,2022-04-08,QQQ,1,4744,131.182,130.1922,-4695.63,23
352,2021-03-02,2021-04-09,TLT,-1,411,113.1958,115.1272,-793.8,28
353,2022-08-11,2022-09-07,HYG,-1,3020,157.7224,155.5078,6688.02,19
354,2023-03-17,2023-03-29,GLD,1,1182,106.3868,99.2601,-8423.68,8
355,2024-02-16,2024-03-19,HYG,1,3071,133.0535,130.3176,-8401.72,22
356,2023-11-03,2023-11-10,QQQ,1,854,87.6088,86.5604,-895.35,5
357,2021-09-13,2021-10-11,GLD,-1,4230,121.0709,113.6977,31188.54,20
358,2022-05-06,2022-05-18,TLT,1,4640,100.2274,101.6254,6486.96,8
359,2023-10-20,2023-11-23,GLD,1,452,100.8408,99.3155,-689.44,24
360,2021-01-04,2021-01-20,SPY,1,1002,128.9,119.2727,-9646.54,12
361,2024-02-15,2024-02-16,GLD,1,3988,88.7091,87.4119,-5173.36,1
362,2023-11-06,2023-12-11,SPY,1,258,110.9192,107.7319,-822.32,25
363,2020-01-07,2020-02-05,GLD,-1,2077,98.1947,97.092,2290.17,21
364,2024-04-25,2024-05-23,SPY,-1,1056,114.2792,105.7823,8972.78,20
365,2024-09-03,2024-09-11,QQQ,1,2171,76.7182,77.7392,2216.6,6
366,2022-12-19,2023-01-18,HYG,1,503,141.9741,142.0653,45.87,22
367,2023-05-11,2023-06-06,TLT,1,4711,104.1724,103.1551,-4792.1,18
368,2023-10-19,2023-10-31,GLD,1,2879,100.6053,100.9726,1057.35,8
369,2023-05-22,2023-05-31,HYG,-1,1487,124.5541,120.6956,5737.7,7
370,2020-03-05,2020-03-06,TLT,1,3553,99.7722,99.566,-732.59,1
371,2023-04-27,2023-05-26,TLT,-1,1055,104.1085,100.5218,3783.96,21
372,2023-02-24,2023-03-20,SPY,-1,1812,136.6735,129.8219,12415.22,16
373,2023-08-02,2023-08-18,QQQ,1,4803,93.4989,89.748,-18015.55,12
374,2022-07-06,2022-07-14,QQQ,-1,1373,119.0382,121.6886,-3638.97,6
375,2021-01-11,2021-02-08,HYG,-1,3911,129.9897,125.7907,16422.25,20
376,2021-06-01,2021-06-03,QQQ,-1,2725,115.4705,115.5189,-131.75,2
377,2022-06-08,2022-07-19,GLD,-1,2482,101.3861,111.5202,-25152.95,29
378,2024-04-30,2024-05-20,QQQ,1,1541,87.0181,82.2936,-7280.58,14
379,2022-07-07,2022-07-13,HYG,1,3079,151.1004,153.8902,8589.88,4
380,2020-06-16,2020-06-17,QQQ,-1,1897,110.4403,110.9583,-982.63,1
381,2023-03-08,2023-04-10,GLD,1,4490,108.6423,99.4765,-41154.14,23
382,2024-02-22,2024-03-19,SPY,1,4109,118.2593,123.5716,21828.37,18
383,2022-11-02,2022-11-21,HYG,1,4950,158.6899,149.8999,-43510.52,13
384,2020-06-11,2020-06-15,SPY,1,1494,117.8366,118.2891,676.02,2
385,2023-01-11,2023-01-24,SPY,1,4381,141.0977,135.0866,-26334.73,9
386,2024-05-29,2024-06-27,SPY,-1,1369,106.2616,100.0053,8564.87,21
387,2023-11-17,2023-11-21,TLT,1,4832,109.0152,110.9902,9543.48,2
388,2024-02-22,2024-04-01,TLT,1,3814,101.3413,101.2314,-418.85,27
389,2022-06-06,2022-07-11,SPY,1,629,133.9855,141.94,5003.37,25
390,2021-12-17,2021-12-30,HYG,1,3723,156.6112,156.8827,1010.79,9
391,2023-01-26,2023-01-27,GLD,-1,3058,110.2494,110.238,35.09,1
392,2024-04-16,2024-05-01,GLD,-1,3014,81.6678,84.5851,-8792.83,11
393,2024-05-16,2024-05-21,QQQ,-1,4989,82.9207,82.6113,1543.42,3
394,2022-02-22,2022-03-22,HYG,-1,3691,159.3761,149.262,37331.05,20
395,2021-11-12,2021-12-15,TLT,1,2247,105.1948,106.044,1908.19,23
396,2024-10-30,2024-12-05,SPY,-1,4673,101.4425,114.5201,-61111.75,26
397,2023-06-08,2023-06-14,QQQ,1,3469,96.0362,93.9945,-7082.62,4
398,2024-08-23,2024-09-18,GLD,1,1039,74.9456,73.8148,-1174.97,18
399,2022-09-12,2022-10-13,TLT,1,625,95.984,99.0894,1940.89,23
400,2022-03-23,2022-03-31,TLT,1,101,108.9962,106.7608,-225.77,6
401,2023-01-10,2023-01-13,SPY,1,474,140.2306,138.8329,-662.53,3
402,2023-04-19,2023-05-19,GLD,-1,2440,99.6734,99.5245,363.3,22
403,2020-12-10,2020-12-25,HYG,-1,4105,131.6517,130.6802,3988.18,11
404,2024-03-19,2024-04-09,TLT,-1,3152,101.4026,103.5255,-6691.48,15
405,2020-08-03,2020-09-02,SPY,-1,4748,118.5403,120.3165,-8433.56,22
406,2023-10-26,2023-12-05,HYG,1,2465,114.4165,117.0615,6519.97,28
407,2024-04-02,2024-04-09,GLD,-1,1625,81.2443,81.865,-1008.68,5
408,2022-09-01,2022-09-29,TLT,1,4576,94.844,96.6812,8407.07,20
409,2024-10-07,2024-10-21,HYG,-1,1746,117.0043,116.8713,232.1,10
410,2024-03-08,2024-03-26,HYG,1,113,126.2727,128.5148,253.35,12
411,2024-02-07,2024-02-28,HYG,1,4699,133.4496,129.2627,-19674.36,15
412,2023-11-13,2023-12-06,TLT,-1,2378,109.1408,110.7093,-3729.74,17
413,2020-05-11,2020-05-25,TLT,1,3255,102.7724,98.0331,-15426.34,10
414,2023-09-01,2023-09-11,QQQ,1,229,90.5309,87.437,-708.49,6
415,2023-11-16,2023-12-12,GLD,-1,3914,101.6392,96.7196,19255.51,18
416,2021-09-24,2021-10-13,SPY,1,3316,137.5151,149.0263,38171.24,13
417,2024-09-13,2024-09-18,HYG,-1,3038,114.6667,116.7808,-6422.53,3
418,2023-06-29,2023-08-02,QQQ,-1,4028,94.8478,93.4989,5433.46,24
419,2020-10-30,2020-11-13,SPY,-1,2140,133.9179,135.8435,-4120.92,10
420,2021-10-25,2021-11-12,QQQ,1,127,142.2266,139.6777,-323.72,14
421,2021-08-26,2021-09-03,TLT,1,2213,115.9808,113.8986,-4607.8,6
422,2021-04-21,2021-04-26,HYG,1,1352,139.2231,138.5601,-896.46,3
423,2022-02-09,2022-03-03,SPY,-1,4456,152.388,146.7418,25159.81,16
424,2021-05-13,2021-05-24,SPY,1,2146,136.2207,127.9458,-17757.84,7
425,2020-01-31,2020-02-28,SPY,-1,4655,96.6941,101.9036,-24250.05,20
426,2021-12-30,2022-01-19,SPY,-1,4123,156.3223,149.0464,29998.73,14
427,2024-04-22,2024-05-03,SPY,1,4496,115.8844,112.4894,-15264.04,9
428,2023-01-26,2023-02-16,QQQ,-1,3474,112.7838,116.3296,-12318.09,15
429,2024-08-12,2024-09-10,HYG,1,3566,113.5757,117.3433,13435.21,21
430,2024-10-10,2024-10-15,TLT,1,3181,102.371,103.1936,2616.55,3
431,2022-12-01,2022-12-05,TLT,1,3878,98.642,98.9078,1030.55,2
432,2021-09-09,2021-10-18,TLT,1,729,116.2591,111.4955,-3472.7,27
433,2022-12-12,2022-12-14,TLT,1,369,100.7479,101.2659,191.12,2
434,2023-11-22,2023-11-27,QQQ,-1,2739,85.2319,84.3486,2419.29,3
435,2021-12-22,2022-01-17,GLD,-1,2093,111.5593,111.2761,592.66,18
436,2023-12-26,2024-01-15,HYG,-1,2991,117.595,128.7885,-33479.84,14
437,2023-01-12,2023-02-09,SPY,1,3532,140.0626,138.4501,-5695.39,20
438,2021-04-14,2021-05-10,GLD,1,1380,118.9435,122.949,5527.72,18
439,2020-12-25,2021-01-08,TLT,1,2460,102.9846,104.261,3140.03,10
440,2021-11-25,2021-12-30,GLD,-1,675,109.1377,111.658,-1701.21,25
441,2023-06-07,2023-06-09,HYG,1,1407,122.8377,120.7298,-2965.82,2
442,2020-08-11,2020-09-15,SPY,-1,3292,121.1954,131.2211,-33004.66,25
443,2023-04-06,2023-05-17,SPY,-1,3278,119.9538,124.0397,-13393.72,29
444,2022-08-23,2022-09-22,HYG,1,2834,157.8991,153.9786,-11110.72,22
445,2021-06-15,2021-06-16,HYG,1,2312,133.6952,134.0226,756.85,1
446,2023-08-31,2023-09-06,TLT,-1,2452,108.4068,106.1525,5527.63,4
447,2022-08-24,2022-09-13,SPY,1,3668,136.9891,143.2338,22905.62,14
448,2024-07-25,2024-07-26,GLD,-1,1755,73.6177,72.7107,1591.73,1
449,2024-02-01,2024-02-21,QQQ,1,1679,91.5621,90.0507,-2537.59,14
450,2021-02-02,2021-02-24,QQQ,1,2303,108.4865,118.0024,21915.18,16
451,2021-07-08,2021-08-09,HYG,-1,1490,134.5254,134.8316,-456.21,22
452,2020-01-16,2020-02-05,TLT,1,1842,100.0957,100.4799,707.75,14
453,2021-11-29,2022-01-07,QQQ,-1,2025,152.4144,144.1555,16724.35,29
454,2022-11-21,2022-12-19,SPY,1,719,140.9547,134.0697,-4950.36,20
455,2020-02-18,2020-02-21,HYG,-1,1374,95.0249,96.9179,-2601.0,3
456,2022-10-13,2022-10-18,GLD,-1,1056,117.5172,117.8124,-311.76,3
457,2023-04-03,2023-04-14,HYG,1,2039,123.9664,126.0521,4252.74,9
458,2020-05-05,2020-05-13,GLD,-1,4053,106.3176,108.7665,-9925.32,6
459,2022-12-21,2023-01-25,HYG,1,2481,141.1973,136.1213,-12593.45,25
460,2022-04-26,2022-05-13,HYG,1,1068,157.166,154.3757,-2980.04,13
461,2023-09-19,2023-10-18,HYG,1,1416,113.5654,118.3425,6764.43,21
462,2023-11-30,2023-12-04,GLD,-1,1143,99.0487,96.4335,2989.12,2
463,2021-08-06,2021-08-18,GLD,-1,381,120.9592,116.8672,1559.03,8
464,2020-06-09,2020-07-08,HYG,1,2944,101.9427,105.0558,9165.0,21
465,2022-05-12,2022-05-16,QQQ,1,1158,124.0426,122.1031,-2245.94,2
466,2024-09-03,2024-09-09,TLT,-1,4393,107.0213,105.4383,6954.28,4
467,2023-03-01,2023-04-05,TLT,1,2632,103.206,104.9589,4613.58,25
468,2024-03-18,2024-04-08,TLT,1,3928,101.4141,103.7803,9294.42,15
469,2021-07-30,2021-08-05,GLD,-1,1108,122.3855,121.5219,956.8,4
470,2022-10-17,2022-11-03,GLD,1,1329,117.205,122.5947,7162.89,13
471,2023-11-29,2024-01-08,QQQ,-1,1135,85.7348,91.2284,-6235.35,28
472,2022-11-30,2022-12-16,TLT,1,4685,100.0268,101.6924,7803.18,12
473,2022-08-03,2022-09-12,TLT,-1,375,92.6377,95.984,-1254.87,28
474,2021-09-30,2021-10-19,HYG,1,2840,138.2708,148.8799,30129.65,13
475,2023-07-11,2023-07-31,GLD,1,2389,98.0139,98.7947,1865.26,14
476,2020-09-24,2020-10-22,TLT,-1,1339,103.809,103.6083,268.8,20
477,2022-10-31,2022-11-24,QQQ,1,225,120.1507,118.8524,-292.12,18
478,2024-04-19,2024-05-30,QQQ,-1,4165,91.6076,78.8635,53079.09,29
479,2023-09-29,2023-11-08,TLT,1,4412,106.7596,109.6932,12943.34,28
480,2023-11-13,2023-11-21,GLD,-1,3968,100.8878,99.6836,4778.13,6
481,2020-05-13,2020-06-23,QQQ,-1,1308,120.2497,113.4787,8856.53,29
482,2022-07-15,2022-08-01,HYG,-1,3349,152.8595,160.8787,-26856.17,11
483,2024-08-26,2024-08-28,QQQ,-1,1018,75.8931,74.5437,1373.7,2
484,2020-02-20,2020-03-31,SPY,1,4023,101.1355,117.924,67540.34,28
485,2021-01-25,2021-02-25,SPY,1,4503,121.341,127.2449,26585.45,23
486,2020-10-29,2020-11-25,GLD,-1,2069,118.9596,118.6608,618.22,19
487,2023-04-27,2023-05-24,TLT,-1,2893,104.1085,100.2738,11093.84,19
488,2023-05-05,2023-05-12,GLD,-1,991,101.0622,101.1697,-106.56,5
489,2020-03-26,2020-04-22,GLD,1,4570,98.1607,105.1065,31742.01,19
490,2022-04-13,2022-04-15,GLD,1,2133,104.6701,104.0797,-1259.38,2
491,2022-10-17,2022-10-31,GLD,1,1464,117.205,121.7947,6719.26,10
492,2021-07-08,2021-08-12,HYG,1,228,134.5254,137.1057,588.31,25
493,2022-09-05,2022-09-07,HYG,-1,1114,152.8625,155.5078,-2946.86,2
494,2023-12-29,2024-01-15,QQQ,-1,1899,86.5095,88.6415,-4048.66,11
495,2020-09-03,2020-09-29,SPY,-1,4712,123.9649,128.2619,-20247.63,18
496,2021-07-07,2021-08-17,GLD,1,1618,122.3906,115.7741,-10705.44,29
497,2021-09-14,2021-10-18,QQQ,1,4281,117.2579,138.6529,91592.23,24
498,2024-10-24,2024-11-14,SPY,1,1298,101.9381,106.8601,6388.86,15
499,2020-04-15,2020-04-28,TLT,-1,3973,108.4874,107.3774,4410.22,9
500,2021-01-05,2021-02-05,HYG,-1,2574,129.2052,124.9892,10851.88,23
